﻿Designator,Footprint,Quantity,Value
A1,Arduino_Nano,1,Arduino_Nano_v3.x
"D1, D2, D3",LED_D4.0mm,3,LED
J1,JST_XH_B5B-XH-AM_1x05_P2.50mm_Vertical,1,Conn_01x05
J2,JST_XH_B3B-XH-AM_1x03_P2.50mm_Vertical,1,Conn_01x03
J3,TerminalBlock_Altech_AK300-3_P5.00mm,1,Screw_Terminal_01x03
"J4, J5, J6, J7",TerminalBlock_Altech_AK300-2_P5.00mm,4,Screw_Terminal_01x02
"K1, K2, K3, K4",Relay_SPDT_Omron-G5Q-1,4,Relay_SPDT
LS1,TerminalBlock_Altech_AK300-2_P5.00mm,1,Speaker
"Q1, Q4, Q5, Q6",TO-220-3_Vertical,4,IRL520
"Q2, Q3, Q7, Q8",TO-92_Inline,4,vn2106
"R1, R10, R9",R_Axial_DIN0411_L9.9mm_D3.6mm_P12.70mm_Horizontal,3,330
"R11, R12, R13, R14, R15, R16, R17, R18, R19, R20, R21, R22, R23, R24, R25, R26",R_Axial_DIN0411_L9.9mm_D3.6mm_P12.70mm_Horizontal,16,200
"R2, R3, R4, R5, R8",R_Axial_DIN0411_L9.9mm_D3.6mm_P12.70mm_Horizontal,5,1K
"R6, R7",R_Axial_DIN0411_L9.9mm_D3.6mm_P12.70mm_Horizontal,2,10k
SW1,SW_PUSH_6mm_H4.3mm,1,SW_Push
"SW2, SW3",SW_5.00mm_pitch,2,SW_SPST
U1,DF_Player_Mini,1,~
