"Id";"Designator";"Footprint";"Quantity";"Designation";"Supplier and ref";
1;"A1";"Arduino_Nano";1;"Arduino_Nano_v3.x";;;
2;"R14,R26,R17,R22,R11,R24,R20,R23,R25,R21,R15,R18,R19,R12,R13,R16";"R_Axial_DIN0411_L9.9mm_D3.6mm_P12.70mm_Horizontal";16;"400";;;
3;"Q6,Q5,Q4,Q1";"TO-220-3_Vertical";4;"IRL520";;;
4;"SW1";"SW_PUSH_6mm_H4.3mm";1;"SW_Push";;;
5;"R6,R7";"R_Axial_DIN0411_L9.9mm_D3.6mm_P12.70mm_Horizontal";2;"10k";;;
6;"Q8,Q3,Q7,Q2";"TO-92_Inline";4;"vn2106";;;
7;"J2";"JST_XH_B3B-XH-AM_1x03_P2.50mm_Vertical";1;"Conn_01x03";;;
8;"R4,R2,R5,R3,R8";"R_Axial_DIN0411_L9.9mm_D3.6mm_P12.70mm_Horizontal";5;"1K";;;
9;"SW3,SW2";"SW_5.00mm_pitch";2;"SW_SPST";;;
10;"D2,D1,D3";"LED_D4.0mm";3;"LED";;;
11;"J6,J4,J7,J5";"TerminalBlock_Altech_AK300-2_P5.00mm";4;"Screw_Terminal_01x02";;;
12;"J3";"TerminalBlock_Altech_AK300-3_P5.00mm";1;"Screw_Terminal_01x03";;;
13;"U1";"DF_Player_Mini";1;"~";;;
14;"K4,K1,K3,K2";"Relay_SPDT_Omron-G5Q-1";4;"Relay_SPDT";;;
15;"R9,R1,R10";"R_Axial_DIN0411_L9.9mm_D3.6mm_P12.70mm_Horizontal";3;"330";;;
16;"J1";"JST_XH_B5B-XH-AM_1x05_P2.50mm_Vertical";1;"Conn_01x05";;;
17;"LS1";"TerminalBlock_Altech_AK300-2_P5.00mm";1;"Speaker";;;
